{
  "pylint_score": 7.981852613657245,
  "cyclomatic_complexity": 1.555,
  "cognitive_complexity": 12.98,
  "duplication_ratio": 0.017216139442200563,
  "lines_of_code": 20.26,
  "comment_ratio": 0.04772834034700236,
  "type_hint_ratio": 0.0,
  "error_handling_ratio": 0.01,
  "n_samples": 100
}