{
  "pylint_score": 8.30306373998449,
  "cyclomatic_complexity": 1.43,
  "cognitive_complexity": 13.15,
  "duplication_ratio": 0.018155606251252905,
  "lines_of_code": 20.61,
  "comment_ratio": 0.05604453770703792,
  "type_hint_ratio": 0.0,
  "error_handling_ratio": 0.01,
  "n_samples": 100
}