{
  "base_14B": {
    "taco_pass1": 0.71,
    "he_pass1": 0.524390243902439,
    "label": "base_14B"
  },
  "14B_R1": {
    "taco_pass1": 0.685,
    "he_pass1": 0.5304878048780488,
    "label": "14B_R1"
  },
  "14B_R2": {
    "taco_pass1": 0.735,
    "he_pass1": 0.5365853658536586,
    "label": "14B_R2"
  },
  "14B_R3": {
    "taco_pass1": 0.77,
    "he_pass1": 0.5365853658536586,
    "label": "14B_R3"
  },
  "14B_R4": {
    "taco_pass1": 0.81,
    "he_pass1": 0.5121951219512195,
    "label": "14B_R4"
  }
}