{
  "method": "logprob",
  "ece": 0.8019099634390927,
  "overconfidence_rate": 0.9081632653061225,
  "mean_confidence": 0.8919099634390926,
  "pass_rate": 0.09,
  "n_problems": 100
}