{
  "method": "logprob",
  "ece": 0.7796798211012135,
  "overconfidence_rate": 0.9444444444444444,
  "mean_confidence": 0.8296798211012135,
  "pass_rate": 0.05,
  "n_problems": 100
}