{
  "pylint_score": 7.685817578319191,
  "cyclomatic_complexity": 1.91,
  "cognitive_complexity": 11.13,
  "duplication_ratio": 0.027041391200634687,
  "lines_of_code": 19.25,
  "comment_ratio": 0.059780766774535206,
  "type_hint_ratio": 0.0,
  "error_handling_ratio": 0.01,
  "n_samples": 100
}