{
  "method": "logprob",
  "ece": 0.8606854895895675,
  "overconfidence_rate": 1.0,
  "mean_confidence": 0.8606854895895674,
  "pass_rate": 0.0,
  "n_problems": 100
}