{
  "method": "logprob",
  "ece": 0.8052711444562364,
  "overconfidence_rate": 0.9081632653061225,
  "mean_confidence": 0.8952711444562368,
  "pass_rate": 0.09,
  "n_problems": 100
}