{
  "method": "logprob",
  "ece": 0.8163059764429177,
  "overconfidence_rate": 0.9270833333333334,
  "mean_confidence": 0.8863059764429174,
  "pass_rate": 0.07,
  "n_problems": 100
}