{
  "model_path": "/root/goodhart-cascade/results/tmp_ev_r5/checkpoint-1000",
  "pass_at_1": 0.11,
  "pass_at_k": 0.19,
  "ece": 0.03625,
  "n_problems": 100,
  "pylint": 6.584,
  "complexity": 26.7,
  "comment_pct": 33.43951532378197,
  "duplication_pct": 1.4120733413016469,
  "type_hint_pct": 3.833333333333333,
  "avg_loc": 52.56,
  "n_samples": 50,
  "avg_func_length": 9.000619047619047,
  "magic_numbers": 1.2,
  "nesting_depth": 3.36,
  "dead_code_pct": 0.0,
  "naming_length": 5.308082160792553,
  "label": "7B_R5_v2_final"
}