{
  "7B_R1_v2_peak": {
    "model_path": "results/tmp_ev_7B_R1_v2_peak/checkpoint-500",
    "pass_at_1": 0.13,
    "pass_at_k": 0.16,
    "ece": 0.043750000000000004,
    "n_problems": 100,
    "pylint": 6.6424,
    "complexity": 25.9,
    "comment_pct": 23.98779250648463,
    "duplication_pct": 1.215785664114976,
    "type_hint_pct": 3.5,
    "avg_loc": 44.96,
    "n_samples": 50,
    "avg_func_length": 7.614333333333333,
    "magic_numbers": 1.34,
    "nesting_depth": 3.42,
    "dead_code_pct": 0.0,
    "naming_length": 5.245089169068675,
    "label": "7B_R1_v2_peak"
  },
  "7B_R3_v2_peak": {
    "model_path": "results/tmp_ev_7B_R3_v2_peak/checkpoint-300",
    "pass_at_1": 0.12,
    "pass_at_k": 0.18,
    "ece": 0.03375,
    "n_problems": 100,
    "pylint": 6.6274,
    "complexity": 24.12,
    "comment_pct": 24.40735844352832,
    "duplication_pct": 0.9240960873576871,
    "type_hint_pct": 3.5,
    "avg_loc": 44.36,
    "n_samples": 50,
    "avg_func_length": 7.81952380952381,
    "magic_numbers": 1.2,
    "nesting_depth": 3.46,
    "dead_code_pct": 0.0,
    "naming_length": 5.35691019507198,
    "label": "7B_R3_v2_peak"
  },
  "7B_R4_v2_peak": {
    "model_path": "results/tmp_ev_7B_R4_v2_peak/checkpoint-300",
    "pass_at_1": 0.11,
    "pass_at_k": 0.18,
    "ece": 0.025000000000000005,
    "n_problems": 100,
    "pylint": 6.6558,
    "complexity": 27.16,
    "comment_pct": 33.31860433820566,
    "duplication_pct": 1.3879731287623895,
    "type_hint_pct": 3.833333333333333,
    "avg_loc": 52.92,
    "n_samples": 50,
    "avg_func_length": 9.327285714285715,
    "magic_numbers": 1.38,
    "nesting_depth": 3.4,
    "dead_code_pct": 0.0,
    "naming_length": 5.3980356521702335,
    "label": "7B_R4_v2_peak"
  },
  "7B_R4_v2_final": {
    "model_path": "results/tmp_ev_7B_R4_v2_final/checkpoint-1000",
    "pass_at_1": 0.11,
    "pass_at_k": 0.18,
    "ece": 0.027500000000000004,
    "n_problems": 100,
    "pylint": 6.6774000000000004,
    "complexity": 27.5,
    "comment_pct": 34.468864355290805,
    "duplication_pct": 1.4337681181664013,
    "type_hint_pct": 3.833333333333333,
    "avg_loc": 53.7,
    "n_samples": 50,
    "avg_func_length": 9.03695238095238,
    "magic_numbers": 1.38,
    "nesting_depth": 3.4,
    "dead_code_pct": 0.0,
    "naming_length": 5.383805822295702,
    "label": "7B_R4_v2_final"
  },
  "7B_R3_v2_final": {
    "model_path": "results/tmp_ev_7B_R3_v2_final/checkpoint-1000",
    "pass_at_1": 0.12,
    "pass_at_k": 0.17,
    "ece": 0.04125,
    "n_problems": 100,
    "pylint": 6.8986,
    "complexity": 23.04,
    "comment_pct": 19.803835183424454,
    "duplication_pct": 0.9313554699015824,
    "type_hint_pct": 3.5,
    "avg_loc": 40.88,
    "n_samples": 50,
    "avg_func_length": 7.473952380952381,
    "magic_numbers": 1.18,
    "nesting_depth": 3.48,
    "dead_code_pct": 0.0,
    "naming_length": 5.376738942817085,
    "label": "7B_R3_v2_final"
  },
  "7B_R2_v2_peak": {
    "model_path": "results/tmp_ev_7B_R2_v2_peak/checkpoint-600",
    "pass_at_1": 0.12,
    "pass_at_k": 0.14,
    "ece": 0.02625,
    "n_problems": 100,
    "pylint": 6.362,
    "complexity": 27.64,
    "comment_pct": 28.709035873160964,
    "duplication_pct": 1.5691953669564864,
    "type_hint_pct": 3.833333333333333,
    "avg_loc": 48.48,
    "n_samples": 50,
    "avg_func_length": 8.526,
    "magic_numbers": 1.12,
    "nesting_depth": 3.48,
    "dead_code_pct": 0.0,
    "naming_length": 5.394204018226905,
    "label": "7B_R2_v2_peak"
  },
  "7B_R2_v2_final": {
    "model_path": "results/tmp_ev_7B_R2_v2_final/checkpoint-1000",
    "pass_at_1": 0.12,
    "pass_at_k": 0.15,
    "ece": 0.03,
    "n_problems": 100,
    "pylint": 6.317,
    "complexity": 25.68,
    "comment_pct": 27.71799354056787,
    "duplication_pct": 1.0206131885592715,
    "type_hint_pct": 3.833333333333333,
    "avg_loc": 46.24,
    "n_samples": 50,
    "avg_func_length": 8.466952380952382,
    "magic_numbers": 1.16,
    "nesting_depth": 3.48,
    "dead_code_pct": 0.0,
    "naming_length": 5.395981577628903,
    "label": "7B_R2_v2_final"
  },
  "base": {
    "model_path": "results/tmp_eval_base",
    "pass_at_1": 0.13,
    "pass_at_k": 0.17,
    "ece": 0.03625,
    "n_problems": 100,
    "pylint": 6.6646,
    "complexity": 26.28,
    "comment_pct": 22.75468281950827,
    "duplication_pct": 1.285750573862909,
    "type_hint_pct": 3.5,
    "avg_loc": 43.66,
    "n_samples": 50,
    "avg_func_length": 7.733333333333333,
    "magic_numbers": 1.48,
    "nesting_depth": 3.48,
    "dead_code_pct": 0.0,
    "naming_length": 5.342780651713301,
    "label": "base"
  },
  "7B_R1_v2_final": {
    "model_path": "results/tmp_ev_7B_R1_v2_final/checkpoint-1000",
    "pass_at_1": 0.13,
    "pass_at_k": 0.18,
    "ece": 0.0475,
    "n_problems": 100,
    "pylint": 6.4666,
    "complexity": 24.86,
    "comment_pct": 25.013674859425805,
    "duplication_pct": 1.217371287793623,
    "type_hint_pct": 3.5,
    "avg_loc": 43.66,
    "n_samples": 50,
    "avg_func_length": 7.605476190476191,
    "magic_numbers": 1.32,
    "nesting_depth": 3.34,
    "dead_code_pct": 0.0,
    "naming_length": 5.10643742422599,
    "label": "7B_R1_v2_final"
  }
}