{
  "base": {
    "label": "base",
    "pass_at_1": 0.545,
    "pass_at_k": 0.83,
    "n_eval": 200,
    "pylint": 6.607500000000001,
    "complexity": 9.38,
    "comment_pct": 0.3723370429252782,
    "duplication_pct": 0.15462164750957855,
    "type_hint_pct": 0.5,
    "avg_func_length": 6.04547619047619,
    "magic_numbers": 0.31,
    "nesting_depth": 2.555,
    "dead_code_pct": 0.0,
    "naming_length": 3.634000825269646
  },
  "7B_R1_v2": {
    "label": "7B_R1_v2",
    "pass_at_1": 0.585,
    "pass_at_k": 0.815,
    "n_eval": 200,
    "pylint": 7.1143,
    "complexity": 8.33,
    "comment_pct": 0.5753759398496241,
    "duplication_pct": 0.1100378787878788,
    "type_hint_pct": 0.5,
    "avg_func_length": 4.741309523809524,
    "magic_numbers": 0.3,
    "nesting_depth": 2.395,
    "dead_code_pct": 0.0,
    "naming_length": 3.6284901472575743
  },
  "7B_R2_v2": {
    "label": "7B_R2_v2",
    "pass_at_1": 0.56,
    "pass_at_k": 0.83,
    "n_eval": 200,
    "pylint": 8.03185,
    "complexity": 7.635,
    "comment_pct": 0.3111471861471861,
    "duplication_pct": 0.778921568627451,
    "type_hint_pct": 0.5,
    "avg_func_length": 1.8579761904761904,
    "magic_numbers": 0.28,
    "nesting_depth": 2.27,
    "dead_code_pct": 0.0,
    "naming_length": 3.296732755030511
  },
  "7B_R3_v2": {
    "label": "7B_R3_v2",
    "pass_at_1": 0.6,
    "pass_at_k": 0.845,
    "n_eval": 200,
    "pylint": 7.8721000000000005,
    "complexity": 6.485,
    "comment_pct": 0.09090909090909091,
    "duplication_pct": 0.8786528207774338,
    "type_hint_pct": 0.5,
    "avg_func_length": 1.6163095238095238,
    "magic_numbers": 0.345,
    "nesting_depth": 2.02,
    "dead_code_pct": 0.0,
    "naming_length": 3.385933909060717
  },
  "7B_R4_v2": {
    "label": "7B_R4_v2",
    "pass_at_1": 0.585,
    "pass_at_k": 0.84,
    "n_eval": 200,
    "pylint": 7.850450000000001,
    "complexity": 8.64,
    "comment_pct": 24.00807723463187,
    "duplication_pct": 0.05416666666666666,
    "type_hint_pct": 0.5,
    "avg_func_length": 1.7946428571428572,
    "magic_numbers": 0.33,
    "nesting_depth": 2.195,
    "dead_code_pct": 0.0,
    "naming_length": 3.6771539880771336
  },
  "7B_R5_v2": {
    "label": "7B_R5_v2",
    "pass_at_1": 0.57,
    "pass_at_k": 0.845,
    "n_eval": 200,
    "pylint": 7.7236,
    "complexity": 10.055,
    "comment_pct": 23.071332170342135,
    "duplication_pct": 0.08888888888888888,
    "type_hint_pct": 0.5,
    "avg_func_length": 1.5804761904761904,
    "magic_numbers": 0.295,
    "nesting_depth": 2.25,
    "dead_code_pct": 0.0,
    "naming_length": 3.7391018258338544
  },
  "7B_R1_v2_p500": {
    "label": "7B_R1_v2_p500",
    "pass_at_1": 0.585,
    "pass_at_k": 0.84,
    "n_eval": 200,
    "pylint": 7.2724,
    "complexity": 8.44,
    "comment_pct": 0.5163932558669401,
    "duplication_pct": 0.13434343434343435,
    "type_hint_pct": 0.5,
    "avg_func_length": 4.333809523809524,
    "magic_numbers": 0.295,
    "nesting_depth": 2.385,
    "dead_code_pct": 0.0,
    "naming_length": 3.5716755326962586
  },
  "7B_R2_v2_p600": {
    "label": "7B_R2_v2_p600",
    "pass_at_1": 0.565,
    "pass_at_k": 0.805,
    "n_eval": 200,
    "pylint": 7.99295,
    "complexity": 8.195,
    "comment_pct": 0.08333333333333333,
    "duplication_pct": 1.086344537815126,
    "type_hint_pct": 0.5,
    "avg_func_length": 1.9263095238095238,
    "magic_numbers": 0.285,
    "nesting_depth": 2.25,
    "dead_code_pct": 0.0,
    "naming_length": 3.3062686022098546
  },
  "7B_R3_v2_p300": {
    "label": "7B_R3_v2_p300",
    "pass_at_1": 0.61,
    "pass_at_k": 0.85,
    "n_eval": 200,
    "pylint": 7.8278,
    "complexity": 6.685,
    "comment_pct": 0.2638888888888889,
    "duplication_pct": 0.8474028207774338,
    "type_hint_pct": 0.5,
    "avg_func_length": 1.7613095238095238,
    "magic_numbers": 0.36,
    "nesting_depth": 2.06,
    "dead_code_pct": 0.0,
    "naming_length": 3.3364741560637383
  },
  "7B_R4_v2_p300": {
    "label": "7B_R4_v2_p300",
    "pass_at_1": 0.575,
    "pass_at_k": 0.835,
    "n_eval": 200,
    "pylint": 7.72525,
    "complexity": 8.865,
    "comment_pct": 22.25992009952011,
    "duplication_pct": 0.05416666666666666,
    "type_hint_pct": 0.5,
    "avg_func_length": 2.1846428571428573,
    "magic_numbers": 0.33,
    "nesting_depth": 2.225,
    "dead_code_pct": 0.0,
    "naming_length": 3.711582045612781
  },
  "7B_R5_v2_p500": {
    "label": "7B_R5_v2_p500",
    "pass_at_1": 0.6,
    "pass_at_k": 0.85,
    "n_eval": 200,
    "pylint": 7.6106,
    "complexity": 8.82,
    "comment_pct": 22.963488642319867,
    "duplication_pct": 0.10620882740447958,
    "type_hint_pct": 0.5,
    "avg_func_length": 1.8879761904761905,
    "magic_numbers": 0.385,
    "nesting_depth": 2.185,
    "dead_code_pct": 0.0,
    "naming_length": 3.8147216537452464
  }
}