{
  "correlations": {
    "pylint": {
      "r": -0.2561852538614078,
      "p": 0.6774187504625675
    },
    "complexity": {
      "r": -0.47772748469882853,
      "p": 0.4157399409668608
    },
    "comment_pct": {
      "r": -0.14308985231216514,
      "p": 0.8184359715292895
    },
    "duplication_pct": {
      "r": 0.07628202710729741,
      "p": 0.9029689834225566
    },
    "avg_func_length": {
      "r": 0.1436737109179065,
      "p": 0.8177002608072687
    },
    "nesting_depth": {
      "r": -0.5409522320421547,
      "p": 0.3464852576007941
    }
  },
  "prediction_accuracy": "2/4",
  "he_tax": {
    "R1": {
      "pass_at_1": 0.6219512195121951,
      "net_tax": 0.0
    },
    "R2": {
      "pass_at_1": 0.6097560975609756,
      "net_tax": 0.012195121951219523
    },
    "R3": {
      "pass_at_1": 0.6036585365853658,
      "net_tax": 0.018292682926829285
    },
    "R4": {
      "pass_at_1": 0.5609756097560976,
      "net_tax": 0.060975609756097504
    },
    "R5": {
      "pass_at_1": 0.6036585365853658,
      "net_tax": 0.018292682926829285
    }
  }
}