{
  "fitted_params": {
    "C_noise": -0.012635231105269595,
    "delta_complexity": 0.10294998836620975,
    "delta_comment": 0.1871264451066649
  },
  "r_squared": 0.3079911408209993,
  "checkpoint_trends": {
    "r1_slope": 1.773835920177385e-05,
    "r1_p": 0.08636118606618035,
    "r4_slope": -2.3651145602365056e-05,
    "r4_p": 0.01762293438655432,
    "gap_slope": 4.13895048041389e-05,
    "gap_p": 0.02529324958545553
  },
  "he_tax": {
    "R1": 0.0,
    "R2": 0.012195121951219523,
    "R3": 0.018292682926829285,
    "R4": 0.060975609756097504,
    "R5": 0.018292682926829285
  },
  "predictions": {
    "R2": -0.0019606393094383865,
    "R3": 0.018292682926829295,
    "R4": 0.04030551085989264,
    "R5": 0.03896278182303414
  }
}