{
  "1.5B": {
    "base_1.5B": {
      "taco_pass1": 0.405,
      "he_pass1": 0.42073170731707316,
      "label": "base_1.5B"
    },
    "1.5B_R1": {
      "taco_pass1": 0.445,
      "he_pass1": 0.4451219512195122,
      "label": "1.5B_R1"
    },
    "1.5B_R2": {
      "taco_pass1": 0.395,
      "he_pass1": 0.4573170731707317,
      "label": "1.5B_R2"
    },
    "1.5B_R3": {
      "taco_pass1": 0.385,
      "he_pass1": 0.4146341463414634,
      "label": "1.5B_R3"
    },
    "1.5B_R4": {
      "taco_pass1": 0.375,
      "he_pass1": 0.3902439024390244,
      "label": "1.5B_R4"
    }
  },
  "14B": {
    "base_14B": {
      "taco_pass1": 0.71,
      "he_pass1": 0.524390243902439,
      "label": "base_14B"
    },
    "14B_R1": {
      "taco_pass1": 0.685,
      "he_pass1": 0.5304878048780488,
      "label": "14B_R1"
    },
    "14B_R2": {
      "taco_pass1": 0.735,
      "he_pass1": 0.5365853658536586,
      "label": "14B_R2"
    },
    "14B_R3": {
      "taco_pass1": 0.77,
      "he_pass1": 0.5365853658536586,
      "label": "14B_R3"
    },
    "14B_R4": {
      "taco_pass1": 0.81,
      "he_pass1": 0.5121951219512195,
      "label": "14B_R4"
    }
  }
}