{
  "n_problems": 500,
  "n_rollouts": 4000,
  "correlation_matrix": {
    "test": {
      "test": {
        "r": 0.9999999999999993,
        "p": 0.0
      },
      "pylint": {
        "r": 0.0915463458960549,
        "p": 6.620727465961498e-09
      },
      "complexity": {
        "r": 0.16638199346133578,
        "p": 3.192500312960665e-26
      },
      "comment": {
        "r": -0.017917512588103316,
        "p": 0.25723955231576123
      },
      "duplication": {
        "r": 0.0328028300702511,
        "p": 0.03802891229145432
      }
    },
    "pylint": {
      "test": {
        "r": 0.0915463458960549,
        "p": 6.620727465961498e-09
      },
      "pylint": {
        "r": 0.9999999999999996,
        "p": 0.0
      },
      "complexity": {
        "r": -0.2380344622426327,
        "p": 1.2134483866823616e-52
      },
      "comment": {
        "r": -0.10349057112283128,
        "p": 5.3485571743350107e-11
      },
      "duplication": {
        "r": -0.03815787066754123,
        "p": 0.015802717895887303
      }
    },
    "complexity": {
      "test": {
        "r": 0.16638199346133578,
        "p": 3.192500312960665e-26
      },
      "pylint": {
        "r": -0.2380344622426327,
        "p": 1.2134483866823616e-52
      },
      "complexity": {
        "r": 0.9999999999999997,
        "p": 0.0
      },
      "comment": {
        "r": -0.0366371169400551,
        "p": 0.0204934701266663
      },
      "duplication": {
        "r": 0.1452368664526958,
        "p": 2.6636568024914807e-20
      }
    },
    "comment": {
      "test": {
        "r": -0.017917512588103316,
        "p": 0.25723955231576123
      },
      "pylint": {
        "r": -0.10349057112283128,
        "p": 5.3485571743350107e-11
      },
      "complexity": {
        "r": -0.0366371169400551,
        "p": 0.0204934701266663
      },
      "comment": {
        "r": 0.9999999999999999,
        "p": 0.0
      },
      "duplication": {
        "r": 0.025432186426780683,
        "p": 0.10778479678635383
      }
    },
    "duplication": {
      "test": {
        "r": 0.0328028300702511,
        "p": 0.03802891229145432
      },
      "pylint": {
        "r": -0.03815787066754123,
        "p": 0.015802717895887303
      },
      "complexity": {
        "r": 0.1452368664526958,
        "p": 2.6636568024914807e-20
      },
      "comment": {
        "r": 0.025432186426780683,
        "p": 0.10778479678635383
      },
      "duplication": {
        "r": 1.0,
        "p": 0.0
      }
    }
  },
  "summary_stats": {
    "test": {
      "mean": 0.4965,
      "std": 0.49998774984993377
    },
    "pylint": {
      "mean": 0.7052827500000001,
      "std": 0.2243151506306195
    },
    "complexity": {
      "mean": 0.5855625,
      "std": 0.31937193613990256
    },
    "comment": {
      "mean": 0.11900068443238693,
      "std": 0.30952998121633757
    },
    "duplication": {
      "mean": 0.9942773968125383,
      "std": 0.06026977901430926
    }
  },
  "key_correlations_with_test": {
    "pylint": {
      "r": 0.0915463458960549,
      "p": 6.620727465961498e-09
    },
    "complexity": {
      "r": 0.16638199346133578,
      "p": 3.192500312960665e-26
    },
    "comment": {
      "r": -0.017917512588103316,
      "p": 0.25723955231576123
    },
    "duplication": {
      "r": 0.0328028300702511,
      "p": 0.03802891229145432
    }
  },
  "priority_order": [
    "complexity",
    "pylint",
    "duplication",
    "comment"
  ],
  "timestamp": "2026-03-26 04:32:09"
}