{
  "C": 0.02628997014276245,
  "r2": 0.049729405016787354,
  "rho_star": 0.4,
  "knee": 2,
  "taxes_from_r1": [
    0.0,
    0.02499999999999991,
    -0.015000000000000013,
    0.0,
    0.015000000000000013
  ],
  "taxes_from_base": [
    -0.039999999999999925,
    -0.015000000000000013,
    -0.05499999999999994,
    -0.039999999999999925,
    -0.02499999999999991
  ],
  "base_pass_at_1": 0.545
}