{
  "C": null,
  "r2": null,
  "rho_star": 0.8,
  "knee": 4,
  "taxes": [
    0.0,
    0.010000000000000009,
    0.010000000000000009,
    0.020000000000000004,
    0.020000000000000004
  ],
  "n_constraints": [
    0,
    1,
    2,
    3,
    4
  ],
  "base_pass_at_1": 0.13
}