{
  "base": {
    "pass_at_1": 0.5792682926829268,
    "pass_at_k": 0.8414634146341463
  },
  "R1_v2": {
    "pass_at_1": 0.6219512195121951,
    "pass_at_k": 0.8597560975609756
  },
  "R2_v2": {
    "pass_at_1": 0.6097560975609756,
    "pass_at_k": 0.8780487804878049
  },
  "R3_v2": {
    "pass_at_1": 0.6036585365853658,
    "pass_at_k": 0.8536585365853658
  },
  "R4_v2": {
    "pass_at_1": 0.5609756097560976,
    "pass_at_k": 0.8475609756097561
  },
  "R5_v2": {
    "pass_at_1": 0.6036585365853658,
    "pass_at_k": 0.8841463414634146
  }
}