{
  "base": {
    "pass_at_1": 0.08171206225680934,
    "n": 257,
    "n_pass": 21
  },
  "R1": {
    "pass_at_1": 0.07782101167315175,
    "n": 257,
    "n_pass": 20
  },
  "R2": {
    "pass_at_1": 0.07392996108949416,
    "n": 257,
    "n_pass": 19
  },
  "R3": {
    "pass_at_1": 0.07782101167315175,
    "n": 257,
    "n_pass": 20
  },
  "R4": {
    "pass_at_1": 0.07003891050583658,
    "n": 257,
    "n_pass": 18
  },
  "R5": {
    "pass_at_1": 0.07003891050583658,
    "n": 257,
    "n_pass": 18
  }
}